place_name,city,category,description,latitude,longitude,top_activities,hotels
Pyramids of Giza,Giza,Historical,"An iconic ancient site evoking awe, mystery, and timeless grandeur.",29.9792,31.1342,Camel rides; Pyramid interior tours; Sound and light show,Marriott Mena House; Steigenberger Pyramids
Khan El Khalili,Cairo,Market,"A vibrant traditional bazaar full of color, energy, and cultural charm.",30.047,31.2623,Shopping for souvenirs; Drinking tea at El Fishawy; Photography,Le Riad Hotel de Charme; Kempinski Nile Hotel
Siwa Oasis,Siwa,Nature,"A tranquil desert oasis offering peace, isolation, and spiritual calm.",29.2032,25.5195,Salt lake swimming; Dune bashing; Watching sunset,Adrère Amellal; Siwa Shali Resort
Bibliotheca Alexandrina,Alexandria,Cultural,"A modern cultural landmark inspiring curiosity, knowledge, and creativity.",31.2089,29.9092,Reading; Museum tours; Planetarium shows,Steigenberger Cecil; Four Seasons Alexandria
Mount Sinai,Saint Catherine,Religious,"A sacred mountain associated with reflection, faith, and spiritual depth.",28.5393,33.9749,Hiking at sunrise; Visiting the monastery; Meditation,Morgenland Village; Catherine Plaza Hotel
Aswan Nile Cruise,Aswan,Relaxation,"A slow scenic journey offering serenity, romance, and reflection.",24.0889,32.8998,Sailing; Nubian village visit; Temple stops,Sofitel Legend Old Cataract; Movenpick Aswan
White Desert,Farafra,Nature,"A surreal landscape creating feelings of wonder, solitude, and adventure.",27.3317,28.2145,Camping; Stargazing; Jeep safari,Qasr El Bawity; Desert Stars Camp
Luxor Temple,Luxor,Historical,"A majestic temple radiating ancient power, mystery, and reverence.",25.6995,32.6396,Night tour; Walking through history; Photography,Hilton Luxor Resort; Sofitel Winter Palace
El Gouna,Red Sea,Resort,"A luxurious coastal town offering relaxation, fun, and vibrant nightlife.",27.3949,33.6782,Kitesurfing; Boat trips; Fine dining,Cook's Club; Steigenberger Golf Resort
Valley of the Kings,Luxor,Historical,"A hidden valley of tombs evoking mystery, silence, and the afterlife.",25.7402,32.6014,Exploring tombs; Learning history; Balloon ride nearby,Al Moudira Hotel; Pavillon Winter Luxor
Dahab Blue Hole,Dahab,Adventure,"A world-famous diving spot evoking thrill, depth, and underwater beauty.",28.5723,34.5371,Scuba diving; Snorkeling; Freediving,Le Meridien Dahab; Swiss Inn Resort
Cairo Citadel,Cairo,Historical,"A medieval fortress offering commanding views, power, and history.",30.0299,31.2611,Mosque visits; City views; Military museum,Grand Nile Tower; Fairmont Nile City
Ras Mohammed National Park,Sharm El Sheikh,Nature,"A pristine marine park offering vibrant colors, life, and natural beauty.",27.7314,34.2542,Snorkeling; Diving; Bird watching,Four Seasons Resort; Rixos Sharm El Sheikh
Nubian Village,Aswan,Cultural,"A colorful and cheerful village full of joy, hospitality, and tradition.",24.06,32.88,Henna tattoos; Buying spices; Crocodile watching,Kato Dool Nubian Resort; Anakato
Baron Empain Palace,Cairo,Historical,"A unique architectural gem evoking mystery, eccentricity, and old charm.",30.0869,31.3303,Architecture tour; Photography; Garden walk,Triumph Luxury Hotel; Sonesta Hotel
Aswan Old Town Cafe 15,Aswan,Cafe,"A lively place full of energy, music, and modern vibes.",25.67697048908879,32.64276637536917,Photography; Local food tasting; Exploring,Aswan Grand Hotel; Aswan Boutique Stay
Siwa Ancient Ruins 16,Siwa,Historical,"A lively place full of energy, music, and modern vibes.",25.63802042194094,32.5217043435081,Photography; Local food tasting; Exploring,Siwa Grand Hotel; Siwa Boutique Stay
Luxor Ancient Ruins 17,Luxor,Historical,A cozy artistic space inspiring creativity and conversation.,25.745589184984443,32.603129394303814,Photography; Local food tasting; Exploring,Luxor Grand Hotel; Luxor Boutique Stay
Aswan Relaxation Spot #18,Aswan,Relaxation,An ancient corner of the city that whispers stories of the past.,25.787266926343932,32.506946282935935,Photography; Local food tasting; Exploring,Aswan Grand Hotel; Aswan Boutique Stay
Dahab Secret Beach 19,Dahab,Nature,"A romantic setting with breathtaking views, ideal for couples.",25.697700121145473,32.59338979121633,Photography; Local food tasting; Exploring,Dahab Grand Hotel; Dahab Boutique Stay
Marsa Alam Secret Beach 20,Marsa Alam,Nature,"A romantic setting with breathtaking views, ideal for couples.",25.64429624980532,32.57778889297667,Photography; Local food tasting; Exploring,Marsa Alam Grand Hotel; Marsa Alam Boutique Stay
Siwa Old Town Cafe 21,Siwa,Cafe,"A romantic setting with breathtaking views, ideal for couples.",25.61157893422104,32.619684061125774,Photography; Local food tasting; Exploring,Siwa Grand Hotel; Siwa Boutique Stay
Sharm El Sheikh Adventure Spot #22,Sharm El Sheikh,Adventure,A rugged landscape that challenges the spirit and rewards the brave.,25.642673889832658,32.65161539315588,Photography; Local food tasting; Exploring,Sharm El Sheikh Grand Hotel; Sharm El Sheikh Boutique Stay
Marsa Alam Secret Beach 23,Marsa Alam,Nature,A cozy artistic space inspiring creativity and conversation.,25.712301882059137,32.60408205238049,Photography; Local food tasting; Exploring,Marsa Alam Grand Hotel; Marsa Alam Boutique Stay
Aswan Adventure Spot #24,Aswan,Adventure,An ancient corner of the city that whispers stories of the past.,25.63438307206041,32.65212034945551,Photography; Local food tasting; Exploring,Aswan Grand Hotel; Aswan Boutique Stay
Hurghada Relaxation Spot #25,Hurghada,Relaxation,A cozy artistic space inspiring creativity and conversation.,25.785541127901496,32.677389850434274,Photography; Local food tasting; Exploring,Hurghada Grand Hotel; Hurghada Boutique Stay
Siwa Art Spot #26,Siwa,Art,An ancient corner of the city that whispers stories of the past.,25.76096899339174,32.66861790781879,Photography; Local food tasting; Exploring,Siwa Grand Hotel; Siwa Boutique Stay
Luxor Old Town Cafe 27,Luxor,Cafe,An ancient corner of the city that whispers stories of the past.,25.71308205757089,32.54403409238868,Photography; Local food tasting; Exploring,Luxor Grand Hotel; Luxor Boutique Stay
Aswan Secret Beach 28,Aswan,Nature,An ancient corner of the city that whispers stories of the past.,25.618126654916047,32.5973481205255,Photography; Local food tasting; Exploring,Aswan Grand Hotel; Aswan Boutique Stay
Hurghada Ancient Ruins 29,Hurghada,Historical,An ancient corner of the city that whispers stories of the past.,25.63317471259367,32.64373550255322,Photography; Local food tasting; Exploring,Hurghada Grand Hotel; Hurghada Boutique Stay
Luxor Old Town Cafe 30,Luxor,Cafe,A hidden spot perfect for quiet contemplation and escaping the crowd.,25.653177280625677,32.58190257451717,Photography; Local food tasting; Exploring,Luxor Grand Hotel; Luxor Boutique Stay
Marsa Alam Old Town Cafe 31,Marsa Alam,Cafe,A cozy artistic space inspiring creativity and conversation.,25.788383398425974,32.64864914917095,Photography; Local food tasting; Exploring,Marsa Alam Grand Hotel; Marsa Alam Boutique Stay
Aswan Art Spot #32,Aswan,Art,A rugged landscape that challenges the spirit and rewards the brave.,25.693364859566056,32.548071063727754,Photography; Local food tasting; Exploring,Aswan Grand Hotel; Aswan Boutique Stay
Sharm El Sheikh Old Town Cafe 33,Sharm El Sheikh,Cafe,An ancient corner of the city that whispers stories of the past.,25.699160765701407,32.63379068241019,Photography; Local food tasting; Exploring,Sharm El Sheikh Grand Hotel; Sharm El Sheikh Boutique Stay
Siwa Adventure Spot #34,Siwa,Adventure,A cozy artistic space inspiring creativity and conversation.,25.62016603673253,32.52469396158855,Photography; Local food tasting; Exploring,Siwa Grand Hotel; Siwa Boutique Stay
Alexandria Adventure Spot #35,Alexandria,Adventure,A cozy artistic space inspiring creativity and conversation.,31.107219377859167,29.916635257873914,Photography; Local food tasting; Exploring,Alexandria Grand Hotel; Alexandria Boutique Stay
Sharm El Sheikh Art Spot #36,Sharm El Sheikh,Art,A cozy artistic space inspiring creativity and conversation.,25.792143434076824,32.63226404435787,Photography; Local food tasting; Exploring,Sharm El Sheikh Grand Hotel; Sharm El Sheikh Boutique Stay
Hurghada Relaxation Spot #37,Hurghada,Relaxation,"A lively place full of energy, music, and modern vibes.",25.727401924113607,32.589281711191624,Photography; Local food tasting; Exploring,Hurghada Grand Hotel; Hurghada Boutique Stay
Hurghada Art Spot #38,Hurghada,Art,"A lively place full of energy, music, and modern vibes.",25.612085473402782,32.577296410908126,Photography; Local food tasting; Exploring,Hurghada Grand Hotel; Hurghada Boutique Stay
Dahab Old Town Cafe 39,Dahab,Cafe,A cozy artistic space inspiring creativity and conversation.,25.695947827777488,32.620248702060955,Photography; Local food tasting; Exploring,Dahab Grand Hotel; Dahab Boutique Stay
Marsa Alam Old Town Cafe 40,Marsa Alam,Cafe,An ancient corner of the city that whispers stories of the past.,25.620141127639773,32.61715371680221,Photography; Local food tasting; Exploring,Marsa Alam Grand Hotel; Marsa Alam Boutique Stay
Sharm El Sheikh Secret Beach 41,Sharm El Sheikh,Nature,An ancient corner of the city that whispers stories of the past.,25.7696257093599,32.66357244819394,Photography; Local food tasting; Exploring,Sharm El Sheikh Grand Hotel; Sharm El Sheikh Boutique Stay
Hurghada Relaxation Spot #42,Hurghada,Relaxation,An ancient corner of the city that whispers stories of the past.,25.70588368796146,32.64268138448927,Photography; Local food tasting; Exploring,Hurghada Grand Hotel; Hurghada Boutique Stay
Cairo Ancient Ruins 43,Cairo,Historical,"A lively place full of energy, music, and modern vibes.",30.077914579483807,31.162371452254135,Photography; Local food tasting; Exploring,Cairo Grand Hotel; Cairo Boutique Stay
Alexandria Secret Beach 44,Alexandria,Nature,"A romantic setting with breathtaking views, ideal for couples.",31.155311374729457,29.806198914880742,Photography; Local food tasting; Exploring,Alexandria Grand Hotel; Alexandria Boutique Stay
Siwa Relaxation Spot #45,Siwa,Relaxation,A cozy artistic space inspiring creativity and conversation.,25.609540855725665,32.567491480802474,Photography; Local food tasting; Exploring,Siwa Grand Hotel; Siwa Boutique Stay
Cairo Old Town Cafe 46,Cairo,Cafe,A hidden spot perfect for quiet contemplation and escaping the crowd.,30.02531748331724,31.239452580532056,Photography; Local food tasting; Exploring,Cairo Grand Hotel; Cairo Boutique Stay
Siwa Ancient Ruins 47,Siwa,Historical,A rugged landscape that challenges the spirit and rewards the brave.,25.6445461567613,32.65129882335214,Photography; Local food tasting; Exploring,Siwa Grand Hotel; Siwa Boutique Stay
Cairo Art Spot #48,Cairo,Art,An ancient corner of the city that whispers stories of the past.,30.075249799896362,31.239894505934313,Photography; Local food tasting; Exploring,Cairo Grand Hotel; Cairo Boutique Stay
Aswan Art Spot #49,Aswan,Art,"A romantic setting with breathtaking views, ideal for couples.",25.696797796992094,32.57255051062014,Photography; Local food tasting; Exploring,Aswan Grand Hotel; Aswan Boutique Stay
Cairo Old Town Cafe 50,Cairo,Cafe,An ancient corner of the city that whispers stories of the past.,30.0227952086792,31.273250563629873,Photography; Local food tasting; Exploring,Cairo Grand Hotel; Cairo Boutique Stay
Marsa Alam Ancient Ruins 51,Marsa Alam,Historical,An ancient corner of the city that whispers stories of the past.,25.67913877005902,32.606773509335284,Photography; Local food tasting; Exploring,Marsa Alam Grand Hotel; Marsa Alam Boutique Stay
Siwa Art Spot #52,Siwa,Art,"A romantic setting with breathtaking views, ideal for couples.",25.783339473051253,32.53496511208263,Photography; Local food tasting; Exploring,Siwa Grand Hotel; Siwa Boutique Stay
Dahab Ancient Ruins 53,Dahab,Historical,A cozy artistic space inspiring creativity and conversation.,25.768701468536143,32.50236044816685,Photography; Local food tasting; Exploring,Dahab Grand Hotel; Dahab Boutique Stay
Alexandria Ancient Ruins 54,Alexandria,Historical,"A lively place full of energy, music, and modern vibes.",31.12060027331532,29.93311627227547,Photography; Local food tasting; Exploring,Alexandria Grand Hotel; Alexandria Boutique Stay
Aswan Art Spot #55,Aswan,Art,A hidden spot perfect for quiet contemplation and escaping the crowd.,25.67714599114228,32.51658499349885,Photography; Local food tasting; Exploring,Aswan Grand Hotel; Aswan Boutique Stay
Aswan Old Town Cafe 56,Aswan,Cafe,An ancient corner of the city that whispers stories of the past.,25.72255594628862,32.52211425082225,Photography; Local food tasting; Exploring,Aswan Grand Hotel; Aswan Boutique Stay
Dahab Adventure Spot #57,Dahab,Adventure,"A romantic setting with breathtaking views, ideal for couples.",25.654162792861776,32.614799444792176,Photography; Local food tasting; Exploring,Dahab Grand Hotel; Dahab Boutique Stay
Cairo Secret Beach 58,Cairo,Nature,A hidden spot perfect for quiet contemplation and escaping the crowd.,30.087764611024834,31.149268088848913,Photography; Local food tasting; Exploring,Cairo Grand Hotel; Cairo Boutique Stay
Alexandria Relaxation Spot #59,Alexandria,Relaxation,A rugged landscape that challenges the spirit and rewards the brave.,31.24697200528684,29.817842697371802,Photography; Local food tasting; Exploring,Alexandria Grand Hotel; Alexandria Boutique Stay
Siwa Secret Beach 60,Siwa,Nature,"A romantic setting with breathtaking views, ideal for couples.",25.72619522430539,32.56092452876235,Photography; Local food tasting; Exploring,Siwa Grand Hotel; Siwa Boutique Stay
Siwa Secret Beach 61,Siwa,Nature,"A lively place full of energy, music, and modern vibes.",25.631055070846596,32.6310255853452,Photography; Local food tasting; Exploring,Siwa Grand Hotel; Siwa Boutique Stay
Dahab Old Town Cafe 62,Dahab,Cafe,"A lively place full of energy, music, and modern vibes.",25.72405601250569,32.66319784914402,Photography; Local food tasting; Exploring,Dahab Grand Hotel; Dahab Boutique Stay
Dahab Secret Beach 63,Dahab,Nature,A hidden spot perfect for quiet contemplation and escaping the crowd.,25.744578263699232,32.5545207732954,Photography; Local food tasting; Exploring,Dahab Grand Hotel; Dahab Boutique Stay
Cairo Art Spot #64,Cairo,Art,A cozy artistic space inspiring creativity and conversation.,30.04442325268842,31.141080009142872,Photography; Local food tasting; Exploring,Cairo Grand Hotel; Cairo Boutique Stay
Marsa Alam Secret Beach 65,Marsa Alam,Nature,"A lively place full of energy, music, and modern vibes.",25.751408364559044,32.60371964288424,Photography; Local food tasting; Exploring,Marsa Alam Grand Hotel; Marsa Alam Boutique Stay
Hurghada Relaxation Spot #66,Hurghada,Relaxation,A hidden spot perfect for quiet contemplation and escaping the crowd.,25.72418188267806,32.63603728276012,Photography; Local food tasting; Exploring,Hurghada Grand Hotel; Hurghada Boutique Stay
Hurghada Adventure Spot #67,Hurghada,Adventure,"A romantic setting with breathtaking views, ideal for couples.",25.677311250565737,32.671785689785956,Photography; Local food tasting; Exploring,Hurghada Grand Hotel; Hurghada Boutique Stay
Marsa Alam Adventure Spot #68,Marsa Alam,Adventure,"A romantic setting with breathtaking views, ideal for couples.",25.68757244047869,32.57177934083785,Photography; Local food tasting; Exploring,Marsa Alam Grand Hotel; Marsa Alam Boutique Stay
Sharm El Sheikh Relaxation Spot #69,Sharm El Sheikh,Relaxation,"A romantic setting with breathtaking views, ideal for couples.",25.64027637531562,32.52651317457921,Photography; Local food tasting; Exploring,Sharm El Sheikh Grand Hotel; Sharm El Sheikh Boutique Stay
Alexandria Art Spot #70,Alexandria,Art,"A lively place full of energy, music, and modern vibes.",31.21982118984984,29.85020584275932,Photography; Local food tasting; Exploring,Alexandria Grand Hotel; Alexandria Boutique Stay
Marsa Alam Secret Beach 71,Marsa Alam,Nature,A rugged landscape that challenges the spirit and rewards the brave.,25.667347819474674,32.587782279833434,Photography; Local food tasting; Exploring,Marsa Alam Grand Hotel; Marsa Alam Boutique Stay
Hurghada Ancient Ruins 72,Hurghada,Historical,"A romantic setting with breathtaking views, ideal for couples.",25.63902418819598,32.6327922585742,Photography; Local food tasting; Exploring,Hurghada Grand Hotel; Hurghada Boutique Stay
Dahab Adventure Spot #73,Dahab,Adventure,A cozy artistic space inspiring creativity and conversation.,25.714705038168557,32.569359681863375,Photography; Local food tasting; Exploring,Dahab Grand Hotel; Dahab Boutique Stay
Cairo Secret Beach 74,Cairo,Nature,An ancient corner of the city that whispers stories of the past.,29.942355118168027,31.18179106501683,Photography; Local food tasting; Exploring,Cairo Grand Hotel; Cairo Boutique Stay
Cairo Relaxation Spot #75,Cairo,Relaxation,"A lively place full of energy, music, and modern vibes.",29.931423376716573,31.14067983189922,Photography; Local food tasting; Exploring,Cairo Grand Hotel; Cairo Boutique Stay
Cairo Adventure Spot #76,Cairo,Adventure,"A lively place full of energy, music, and modern vibes.",29.986201242689432,31.29983358827417,Photography; Local food tasting; Exploring,Cairo Grand Hotel; Cairo Boutique Stay
Marsa Alam Relaxation Spot #77,Marsa Alam,Relaxation,A rugged landscape that challenges the spirit and rewards the brave.,25.756623467727977,32.58830420599087,Photography; Local food tasting; Exploring,Marsa Alam Grand Hotel; Marsa Alam Boutique Stay
Dahab Old Town Cafe 78,Dahab,Cafe,"A lively place full of energy, music, and modern vibes.",25.671212083014982,32.555397080084155,Photography; Local food tasting; Exploring,Dahab Grand Hotel; Dahab Boutique Stay
Dahab Relaxation Spot #79,Dahab,Relaxation,"A lively place full of energy, music, and modern vibes.",25.766851311864215,32.534073573764786,Photography; Local food tasting; Exploring,Dahab Grand Hotel; Dahab Boutique Stay
Siwa Adventure Spot #80,Siwa,Adventure,"A romantic setting with breathtaking views, ideal for couples.",25.774202870011454,32.6267781223435,Photography; Local food tasting; Exploring,Siwa Grand Hotel; Siwa Boutique Stay
Luxor Ancient Ruins 81,Luxor,Historical,A hidden spot perfect for quiet contemplation and escaping the crowd.,25.70765992652425,32.532147236138314,Photography; Local food tasting; Exploring,Luxor Grand Hotel; Luxor Boutique Stay
Dahab Ancient Ruins 82,Dahab,Historical,"A romantic setting with breathtaking views, ideal for couples.",25.73806822447375,32.683996087414705,Photography; Local food tasting; Exploring,Dahab Grand Hotel; Dahab Boutique Stay
Siwa Secret Beach 83,Siwa,Nature,A rugged landscape that challenges the spirit and rewards the brave.,25.658939543033643,32.52965040162535,Photography; Local food tasting; Exploring,Siwa Grand Hotel; Siwa Boutique Stay
Luxor Old Town Cafe 84,Luxor,Cafe,A cozy artistic space inspiring creativity and conversation.,25.663818232710774,32.60904779035638,Photography; Local food tasting; Exploring,Luxor Grand Hotel; Luxor Boutique Stay
Siwa Relaxation Spot #85,Siwa,Relaxation,"A romantic setting with breathtaking views, ideal for couples.",25.78214859291628,32.58109351159942,Photography; Local food tasting; Exploring,Siwa Grand Hotel; Siwa Boutique Stay
Sharm El Sheikh Relaxation Spot #86,Sharm El Sheikh,Relaxation,A rugged landscape that challenges the spirit and rewards the brave.,25.605224287336483,32.61506728218317,Photography; Local food tasting; Exploring,Sharm El Sheikh Grand Hotel; Sharm El Sheikh Boutique Stay
Dahab Relaxation Spot #87,Dahab,Relaxation,"A lively place full of energy, music, and modern vibes.",25.795650591327192,32.59125004107007,Photography; Local food tasting; Exploring,Dahab Grand Hotel; Dahab Boutique Stay
Aswan Old Town Cafe 88,Aswan,Cafe,"A romantic setting with breathtaking views, ideal for couples.",25.730366634960887,32.55384993069992,Photography; Local food tasting; Exploring,Aswan Grand Hotel; Aswan Boutique Stay
Luxor Art Spot #89,Luxor,Art,A cozy artistic space inspiring creativity and conversation.,25.616057545790742,32.5453439184728,Photography; Local food tasting; Exploring,Luxor Grand Hotel; Luxor Boutique Stay
Aswan Old Town Cafe 90,Aswan,Cafe,A hidden spot perfect for quiet contemplation and escaping the crowd.,25.75480068427069,32.6899517612538,Photography; Local food tasting; Exploring,Aswan Grand Hotel; Aswan Boutique Stay
Siwa Adventure Spot #91,Siwa,Adventure,A rugged landscape that challenges the spirit and rewards the brave.,25.69283546297357,32.51720876164358,Photography; Local food tasting; Exploring,Siwa Grand Hotel; Siwa Boutique Stay
Alexandria Ancient Ruins 92,Alexandria,Historical,"A lively place full of energy, music, and modern vibes.",31.19374393658405,29.85003251587308,Photography; Local food tasting; Exploring,Alexandria Grand Hotel; Alexandria Boutique Stay
Dahab Ancient Ruins 93,Dahab,Historical,A rugged landscape that challenges the spirit and rewards the brave.,25.79788227491064,32.58648439504709,Photography; Local food tasting; Exploring,Dahab Grand Hotel; Dahab Boutique Stay
Hurghada Ancient Ruins 94,Hurghada,Historical,"A lively place full of energy, music, and modern vibes.",25.709344025877797,32.52655917073206,Photography; Local food tasting; Exploring,Hurghada Grand Hotel; Hurghada Boutique Stay
Cairo Old Town Cafe 95,Cairo,Cafe,"A romantic setting with breathtaking views, ideal for couples.",29.95882918083448,31.16442488591473,Photography; Local food tasting; Exploring,Cairo Grand Hotel; Cairo Boutique Stay
Siwa Adventure Spot #96,Siwa,Adventure,A rugged landscape that challenges the spirit and rewards the brave.,25.612320759215446,32.56262347438341,Photography; Local food tasting; Exploring,Siwa Grand Hotel; Siwa Boutique Stay
Dahab Secret Beach 97,Dahab,Nature,"A lively place full of energy, music, and modern vibes.",25.743007652032702,32.64499555340228,Photography; Local food tasting; Exploring,Dahab Grand Hotel; Dahab Boutique Stay
Alexandria Secret Beach 98,Alexandria,Nature,A hidden spot perfect for quiet contemplation and escaping the crowd.,31.24822787397907,29.952024822732003,Photography; Local food tasting; Exploring,Alexandria Grand Hotel; Alexandria Boutique Stay
Luxor Ancient Ruins 99,Luxor,Historical,"A romantic setting with breathtaking views, ideal for couples.",25.713077393390588,32.62900375691307,Photography; Local food tasting; Exploring,Luxor Grand Hotel; Luxor Boutique Stay
Luxor Secret Beach 100,Luxor,Nature,"A romantic setting with breathtaking views, ideal for couples.",25.693348785575232,32.62226021493583,Photography; Local food tasting; Exploring,Luxor Grand Hotel; Luxor Boutique Stay
Alexandria Secret Beach 101,Alexandria,Nature,A rugged landscape that challenges the spirit and rewards the brave.,31.10386964397353,29.822968652755126,Photography; Local food tasting; Exploring,Alexandria Grand Hotel; Alexandria Boutique Stay
Hurghada Art Spot #102,Hurghada,Art,"A lively place full of energy, music, and modern vibes.",25.707012390545025,32.68318371532801,Photography; Local food tasting; Exploring,Hurghada Grand Hotel; Hurghada Boutique Stay
Sharm El Sheikh Ancient Ruins 103,Sharm El Sheikh,Historical,"A romantic setting with breathtaking views, ideal for couples.",25.685325981381766,32.56406580598077,Photography; Local food tasting; Exploring,Sharm El Sheikh Grand Hotel; Sharm El Sheikh Boutique Stay
Cairo Old Town Cafe 104,Cairo,Cafe,A cozy artistic space inspiring creativity and conversation.,29.932923831961244,31.279060728372787,Photography; Local food tasting; Exploring,Cairo Grand Hotel; Cairo Boutique Stay
Aswan Ancient Ruins 105,Aswan,Historical,A rugged landscape that challenges the spirit and rewards the brave.,25.68787361967669,32.55131574403587,Photography; Local food tasting; Exploring,Aswan Grand Hotel; Aswan Boutique Stay
Dahab Old Town Cafe 106,Dahab,Cafe,"A lively place full of energy, music, and modern vibes.",25.604639249715273,32.59911619273126,Photography; Local food tasting; Exploring,Dahab Grand Hotel; Dahab Boutique Stay
Alexandria Relaxation Spot #107,Alexandria,Relaxation,"A romantic setting with breathtaking views, ideal for couples.",31.24833731508891,29.80224173436757,Photography; Local food tasting; Exploring,Alexandria Grand Hotel; Alexandria Boutique Stay
Dahab Relaxation Spot #108,Dahab,Relaxation,An ancient corner of the city that whispers stories of the past.,25.767113849318054,32.54167824996055,Photography; Local food tasting; Exploring,Dahab Grand Hotel; Dahab Boutique Stay
Sharm El Sheikh Art Spot #109,Sharm El Sheikh,Art,An ancient corner of the city that whispers stories of the past.,25.784046362801202,32.67504313375966,Photography; Local food tasting; Exploring,Sharm El Sheikh Grand Hotel; Sharm El Sheikh Boutique Stay
Dahab Adventure Spot #110,Dahab,Adventure,A rugged landscape that challenges the spirit and rewards the brave.,25.669247253692095,32.63652433621497,Photography; Local food tasting; Exploring,Dahab Grand Hotel; Dahab Boutique Stay
Cairo Secret Beach 111,Cairo,Nature,A rugged landscape that challenges the spirit and rewards the brave.,30.03960604534444,31.13689733694058,Photography; Local food tasting; Exploring,Cairo Grand Hotel; Cairo Boutique Stay
Aswan Art Spot #112,Aswan,Art,"A romantic setting with breathtaking views, ideal for couples.",25.668479121182617,32.58450408324238,Photography; Local food tasting; Exploring,Aswan Grand Hotel; Aswan Boutique Stay
Sharm El Sheikh Secret Beach 113,Sharm El Sheikh,Nature,A rugged landscape that challenges the spirit and rewards the brave.,25.678666323697346,32.541315509770136,Photography; Local food tasting; Exploring,Sharm El Sheikh Grand Hotel; Sharm El Sheikh Boutique Stay
Marsa Alam Ancient Ruins 114,Marsa Alam,Historical,A rugged landscape that challenges the spirit and rewards the brave.,25.759162086339877,32.690275634404266,Photography; Local food tasting; Exploring,Marsa Alam Grand Hotel; Marsa Alam Boutique Stay
Dahab Ancient Ruins 115,Dahab,Historical,A hidden spot perfect for quiet contemplation and escaping the crowd.,25.637157507498255,32.501669916620074,Photography; Local food tasting; Exploring,Dahab Grand Hotel; Dahab Boutique Stay
Marsa Alam Ancient Ruins 116,Marsa Alam,Historical,A hidden spot perfect for quiet contemplation and escaping the crowd.,25.778022020091225,32.605430093630964,Photography; Local food tasting; Exploring,Marsa Alam Grand Hotel; Marsa Alam Boutique Stay
Sharm El Sheikh Adventure Spot #117,Sharm El Sheikh,Adventure,"A lively place full of energy, music, and modern vibes.",25.685343116130603,32.675241709009086,Photography; Local food tasting; Exploring,Sharm El Sheikh Grand Hotel; Sharm El Sheikh Boutique Stay
Dahab Relaxation Spot #118,Dahab,Relaxation,"A lively place full of energy, music, and modern vibes.",25.647206258870824,32.61382570333663,Photography; Local food tasting; Exploring,Dahab Grand Hotel; Dahab Boutique Stay
Luxor Ancient Ruins 119,Luxor,Historical,"A lively place full of energy, music, and modern vibes.",25.69741491880626,32.5368777047813,Photography; Local food tasting; Exploring,Luxor Grand Hotel; Luxor Boutique Stay
Luxor Ancient Ruins 120,Luxor,Historical,A hidden spot perfect for quiet contemplation and escaping the crowd.,25.701525923064295,32.60770090281882,Photography; Local food tasting; Exploring,Luxor Grand Hotel; Luxor Boutique Stay
Aswan Relaxation Spot #121,Aswan,Relaxation,"A romantic setting with breathtaking views, ideal for couples.",25.66753443225347,32.60183502630387,Photography; Local food tasting; Exploring,Aswan Grand Hotel; Aswan Boutique Stay
Sharm El Sheikh Adventure Spot #122,Sharm El Sheikh,Adventure,A rugged landscape that challenges the spirit and rewards the brave.,25.605377414511103,32.65861718867051,Photography; Local food tasting; Exploring,Sharm El Sheikh Grand Hotel; Sharm El Sheikh Boutique Stay
Aswan Old Town Cafe 123,Aswan,Cafe,A cozy artistic space inspiring creativity and conversation.,25.767098524297097,32.63835877641483,Photography; Local food tasting; Exploring,Aswan Grand Hotel; Aswan Boutique Stay
Sharm El Sheikh Adventure Spot #124,Sharm El Sheikh,Adventure,A rugged landscape that challenges the spirit and rewards the brave.,25.64148358264526,32.69286141657626,Photography; Local food tasting; Exploring,Sharm El Sheikh Grand Hotel; Sharm El Sheikh Boutique Stay
Cairo Relaxation Spot #125,Cairo,Relaxation,A hidden spot perfect for quiet contemplation and escaping the crowd.,29.98627924992566,31.135265753241026,Photography; Local food tasting; Exploring,Cairo Grand Hotel; Cairo Boutique Stay
Luxor Ancient Ruins 126,Luxor,Historical,"A lively place full of energy, music, and modern vibes.",25.654265928067513,32.655698743000876,Photography; Local food tasting; Exploring,Luxor Grand Hotel; Luxor Boutique Stay
Cairo Adventure Spot #127,Cairo,Adventure,An ancient corner of the city that whispers stories of the past.,30.034301548124112,31.125633959792623,Photography; Local food tasting; Exploring,Cairo Grand Hotel; Cairo Boutique Stay
Cairo Adventure Spot #128,Cairo,Adventure,A rugged landscape that challenges the spirit and rewards the brave.,30.06077207994734,31.15083873829257,Photography; Local food tasting; Exploring,Cairo Grand Hotel; Cairo Boutique Stay
Dahab Secret Beach 129,Dahab,Nature,"A romantic setting with breathtaking views, ideal for couples.",25.607265446102485,32.67971080861718,Photography; Local food tasting; Exploring,Dahab Grand Hotel; Dahab Boutique Stay
Hurghada Art Spot #130,Hurghada,Art,A rugged landscape that challenges the spirit and rewards the brave.,25.77499643327805,32.65712391848715,Photography; Local food tasting; Exploring,Hurghada Grand Hotel; Hurghada Boutique Stay
Siwa Adventure Spot #131,Siwa,Adventure,An ancient corner of the city that whispers stories of the past.,25.70620330500611,32.52046254649428,Photography; Local food tasting; Exploring,Siwa Grand Hotel; Siwa Boutique Stay
Aswan Ancient Ruins 132,Aswan,Historical,A rugged landscape that challenges the spirit and rewards the brave.,25.675635733057085,32.61198708743704,Photography; Local food tasting; Exploring,Aswan Grand Hotel; Aswan Boutique Stay
Dahab Art Spot #133,Dahab,Art,"A romantic setting with breathtaking views, ideal for couples.",25.757404939865634,32.68477509919558,Photography; Local food tasting; Exploring,Dahab Grand Hotel; Dahab Boutique Stay
Hurghada Adventure Spot #134,Hurghada,Adventure,An ancient corner of the city that whispers stories of the past.,25.749611680462298,32.51488019552088,Photography; Local food tasting; Exploring,Hurghada Grand Hotel; Hurghada Boutique Stay
Luxor Adventure Spot #135,Luxor,Adventure,A rugged landscape that challenges the spirit and rewards the brave.,25.627614165748763,32.50168711779449,Photography; Local food tasting; Exploring,Luxor Grand Hotel; Luxor Boutique Stay
Marsa Alam Art Spot #136,Marsa Alam,Art,"A romantic setting with breathtaking views, ideal for couples.",25.65150949157754,32.601282779730326,Photography; Local food tasting; Exploring,Marsa Alam Grand Hotel; Marsa Alam Boutique Stay
Luxor Ancient Ruins 137,Luxor,Historical,"A romantic setting with breathtaking views, ideal for couples.",25.691001440441426,32.673879347398035,Photography; Local food tasting; Exploring,Luxor Grand Hotel; Luxor Boutique Stay
Cairo Art Spot #138,Cairo,Art,An ancient corner of the city that whispers stories of the past.,29.9671949424204,31.130431128522584,Photography; Local food tasting; Exploring,Cairo Grand Hotel; Cairo Boutique Stay
Aswan Secret Beach 139,Aswan,Nature,"A romantic setting with breathtaking views, ideal for couples.",25.6678885959491,32.55710018885497,Photography; Local food tasting; Exploring,Aswan Grand Hotel; Aswan Boutique Stay
Dahab Adventure Spot #140,Dahab,Adventure,"A lively place full of energy, music, and modern vibes.",25.63979897932485,32.5898943955095,Photography; Local food tasting; Exploring,Dahab Grand Hotel; Dahab Boutique Stay
Sharm El Sheikh Old Town Cafe 141,Sharm El Sheikh,Cafe,"A lively place full of energy, music, and modern vibes.",25.775574436116877,32.53657814050851,Photography; Local food tasting; Exploring,Sharm El Sheikh Grand Hotel; Sharm El Sheikh Boutique Stay
Marsa Alam Adventure Spot #142,Marsa Alam,Adventure,A rugged landscape that challenges the spirit and rewards the brave.,25.711192617945652,32.51076185816059,Photography; Local food tasting; Exploring,Marsa Alam Grand Hotel; Marsa Alam Boutique Stay
Dahab Old Town Cafe 143,Dahab,Cafe,An ancient corner of the city that whispers stories of the past.,25.642608274560125,32.675150481234226,Photography; Local food tasting; Exploring,Dahab Grand Hotel; Dahab Boutique Stay
Siwa Adventure Spot #144,Siwa,Adventure,A hidden spot perfect for quiet contemplation and escaping the crowd.,25.685282068397722,32.641772507570316,Photography; Local food tasting; Exploring,Siwa Grand Hotel; Siwa Boutique Stay
Luxor Adventure Spot #145,Luxor,Adventure,An ancient corner of the city that whispers stories of the past.,25.655674343440342,32.520437094222466,Photography; Local food tasting; Exploring,Luxor Grand Hotel; Luxor Boutique Stay
Dahab Old Town Cafe 146,Dahab,Cafe,An ancient corner of the city that whispers stories of the past.,25.75445673399601,32.67529274731962,Photography; Local food tasting; Exploring,Dahab Grand Hotel; Dahab Boutique Stay
Hurghada Old Town Cafe 147,Hurghada,Cafe,An ancient corner of the city that whispers stories of the past.,25.710568454119336,32.52209530118629,Photography; Local food tasting; Exploring,Hurghada Grand Hotel; Hurghada Boutique Stay
Dahab Art Spot #148,Dahab,Art,An ancient corner of the city that whispers stories of the past.,25.614494124848378,32.583455608092564,Photography; Local food tasting; Exploring,Dahab Grand Hotel; Dahab Boutique Stay
Sharm El Sheikh Art Spot #149,Sharm El Sheikh,Art,A hidden spot perfect for quiet contemplation and escaping the crowd.,25.742550060527762,32.656361508579224,Photography; Local food tasting; Exploring,Sharm El Sheikh Grand Hotel; Sharm El Sheikh Boutique Stay
Sharm El Sheikh Secret Beach 150,Sharm El Sheikh,Nature,A cozy artistic space inspiring creativity and conversation.,25.617873860496616,32.67254288781118,Photography; Local food tasting; Exploring,Sharm El Sheikh Grand Hotel; Sharm El Sheikh Boutique Stay
Cairo Ancient Ruins 151,Cairo,Historical,An ancient corner of the city that whispers stories of the past.,30.069594645888067,31.257048732137527,Photography; Local food tasting; Exploring,Cairo Grand Hotel; Cairo Boutique Stay
Siwa Adventure Spot #152,Siwa,Adventure,"A lively place full of energy, music, and modern vibes.",25.63883286056728,32.65340765766219,Photography; Local food tasting; Exploring,Siwa Grand Hotel; Siwa Boutique Stay
Dahab Old Town Cafe 153,Dahab,Cafe,A rugged landscape that challenges the spirit and rewards the brave.,25.654489391859858,32.55171587101982,Photography; Local food tasting; Exploring,Dahab Grand Hotel; Dahab Boutique Stay
Sharm El Sheikh Art Spot #154,Sharm El Sheikh,Art,"A romantic setting with breathtaking views, ideal for couples.",25.766826704039406,32.59288070694438,Photography; Local food tasting; Exploring,Sharm El Sheikh Grand Hotel; Sharm El Sheikh Boutique Stay
Hurghada Ancient Ruins 155,Hurghada,Historical,"A lively place full of energy, music, and modern vibes.",25.734155074776325,32.56245395874517,Photography; Local food tasting; Exploring,Hurghada Grand Hotel; Hurghada Boutique Stay
Hurghada Old Town Cafe 156,Hurghada,Cafe,"A romantic setting with breathtaking views, ideal for couples.",25.767694091320717,32.54801674986971,Photography; Local food tasting; Exploring,Hurghada Grand Hotel; Hurghada Boutique Stay
Aswan Secret Beach 157,Aswan,Nature,"A romantic setting with breathtaking views, ideal for couples.",25.600148566107062,32.612883721469494,Photography; Local food tasting; Exploring,Aswan Grand Hotel; Aswan Boutique Stay
Marsa Alam Relaxation Spot #158,Marsa Alam,Relaxation,A hidden spot perfect for quiet contemplation and escaping the crowd.,25.787370546578437,32.581450034086714,Photography; Local food tasting; Exploring,Marsa Alam Grand Hotel; Marsa Alam Boutique Stay
Marsa Alam Art Spot #159,Marsa Alam,Art,A rugged landscape that challenges the spirit and rewards the brave.,25.72993788662525,32.527619944411185,Photography; Local food tasting; Exploring,Marsa Alam Grand Hotel; Marsa Alam Boutique Stay
Sharm El Sheikh Ancient Ruins 160,Sharm El Sheikh,Historical,A cozy artistic space inspiring creativity and conversation.,25.66859148877071,32.559829903506234,Photography; Local food tasting; Exploring,Sharm El Sheikh Grand Hotel; Sharm El Sheikh Boutique Stay
Sharm El Sheikh Relaxation Spot #161,Sharm El Sheikh,Relaxation,"A romantic setting with breathtaking views, ideal for couples.",25.701472681223006,32.554306029640024,Photography; Local food tasting; Exploring,Sharm El Sheikh Grand Hotel; Sharm El Sheikh Boutique Stay
Marsa Alam Secret Beach 162,Marsa Alam,Nature,"A romantic setting with breathtaking views, ideal for couples.",25.759154159777882,32.67025209411888,Photography; Local food tasting; Exploring,Marsa Alam Grand Hotel; Marsa Alam Boutique Stay
Sharm El Sheikh Old Town Cafe 163,Sharm El Sheikh,Cafe,An ancient corner of the city that whispers stories of the past.,25.65701812556026,32.653058952404855,Photography; Local food tasting; Exploring,Sharm El Sheikh Grand Hotel; Sharm El Sheikh Boutique Stay
Siwa Old Town Cafe 164,Siwa,Cafe,A cozy artistic space inspiring creativity and conversation.,25.6747872011985,32.69995630651369,Photography; Local food tasting; Exploring,Siwa Grand Hotel; Siwa Boutique Stay
Sharm El Sheikh Ancient Ruins 165,Sharm El Sheikh,Historical,"A romantic setting with breathtaking views, ideal for couples.",25.679304586279414,32.56067642699648,Photography; Local food tasting; Exploring,Sharm El Sheikh Grand Hotel; Sharm El Sheikh Boutique Stay
Aswan Old Town Cafe 166,Aswan,Cafe,A hidden spot perfect for quiet contemplation and escaping the crowd.,25.696619325205695,32.50540278009688,Photography; Local food tasting; Exploring,Aswan Grand Hotel; Aswan Boutique Stay
Alexandria Ancient Ruins 167,Alexandria,Historical,"A lively place full of energy, music, and modern vibes.",31.262068194151833,29.987658270649497,Photography; Local food tasting; Exploring,Alexandria Grand Hotel; Alexandria Boutique Stay
Cairo Adventure Spot #168,Cairo,Adventure,"A romantic setting with breathtaking views, ideal for couples.",29.911113622837714,31.280320709448326,Photography; Local food tasting; Exploring,Cairo Grand Hotel; Cairo Boutique Stay
Cairo Old Town Cafe 169,Cairo,Cafe,An ancient corner of the city that whispers stories of the past.,30.065491332032774,31.25699609005804,Photography; Local food tasting; Exploring,Cairo Grand Hotel; Cairo Boutique Stay
Siwa Relaxation Spot #170,Siwa,Relaxation,"A lively place full of energy, music, and modern vibes.",25.772957913760884,32.63477946562944,Photography; Local food tasting; Exploring,Siwa Grand Hotel; Siwa Boutique Stay
Alexandria Secret Beach 171,Alexandria,Nature,A cozy artistic space inspiring creativity and conversation.,31.20526557097801,29.81283776062598,Photography; Local food tasting; Exploring,Alexandria Grand Hotel; Alexandria Boutique Stay
Sharm El Sheikh Adventure Spot #172,Sharm El Sheikh,Adventure,A rugged landscape that challenges the spirit and rewards the brave.,25.707014211077258,32.546032490433056,Photography; Local food tasting; Exploring,Sharm El Sheikh Grand Hotel; Sharm El Sheikh Boutique Stay
Aswan Relaxation Spot #173,Aswan,Relaxation,A hidden spot perfect for quiet contemplation and escaping the crowd.,25.610893311737637,32.68365912390861,Photography; Local food tasting; Exploring,Aswan Grand Hotel; Aswan Boutique Stay
Dahab Secret Beach 174,Dahab,Nature,A rugged landscape that challenges the spirit and rewards the brave.,25.608003937142286,32.60145344456928,Photography; Local food tasting; Exploring,Dahab Grand Hotel; Dahab Boutique Stay
Sharm El Sheikh Secret Beach 175,Sharm El Sheikh,Nature,A hidden spot perfect for quiet contemplation and escaping the crowd.,25.779081860804045,32.65617129807192,Photography; Local food tasting; Exploring,Sharm El Sheikh Grand Hotel; Sharm El Sheikh Boutique Stay
Aswan Art Spot #176,Aswan,Art,"A romantic setting with breathtaking views, ideal for couples.",25.627677860712545,32.636772932602206,Photography; Local food tasting; Exploring,Aswan Grand Hotel; Aswan Boutique Stay
Dahab Old Town Cafe 177,Dahab,Cafe,"A lively place full of energy, music, and modern vibes.",25.79838651215103,32.59164443287863,Photography; Local food tasting; Exploring,Dahab Grand Hotel; Dahab Boutique Stay
Hurghada Adventure Spot #178,Hurghada,Adventure,"A lively place full of energy, music, and modern vibes.",25.639768287512997,32.51824117127682,Photography; Local food tasting; Exploring,Hurghada Grand Hotel; Hurghada Boutique Stay
Dahab Ancient Ruins 179,Dahab,Historical,"A romantic setting with breathtaking views, ideal for couples.",25.74524243758595,32.69962452051984,Photography; Local food tasting; Exploring,Dahab Grand Hotel; Dahab Boutique Stay
Marsa Alam Ancient Ruins 180,Marsa Alam,Historical,A rugged landscape that challenges the spirit and rewards the brave.,25.60203105098401,32.67522270208546,Photography; Local food tasting; Exploring,Marsa Alam Grand Hotel; Marsa Alam Boutique Stay
Dahab Art Spot #181,Dahab,Art,"A romantic setting with breathtaking views, ideal for couples.",25.773330045712676,32.51138762142886,Photography; Local food tasting; Exploring,Dahab Grand Hotel; Dahab Boutique Stay
Luxor Adventure Spot #182,Luxor,Adventure,A rugged landscape that challenges the spirit and rewards the brave.,25.627938058014557,32.679272624223664,Photography; Local food tasting; Exploring,Luxor Grand Hotel; Luxor Boutique Stay
Dahab Art Spot #183,Dahab,Art,A rugged landscape that challenges the spirit and rewards the brave.,25.60713828820177,32.50440359805281,Photography; Local food tasting; Exploring,Dahab Grand Hotel; Dahab Boutique Stay
Hurghada Relaxation Spot #184,Hurghada,Relaxation,A hidden spot perfect for quiet contemplation and escaping the crowd.,25.75095256094285,32.63911221778117,Photography; Local food tasting; Exploring,Hurghada Grand Hotel; Hurghada Boutique Stay
Sharm El Sheikh Ancient Ruins 185,Sharm El Sheikh,Historical,A hidden spot perfect for quiet contemplation and escaping the crowd.,25.70687754639243,32.543705582950714,Photography; Local food tasting; Exploring,Sharm El Sheikh Grand Hotel; Sharm El Sheikh Boutique Stay
Hurghada Adventure Spot #186,Hurghada,Adventure,A hidden spot perfect for quiet contemplation and escaping the crowd.,25.62951505601646,32.5591772777515,Photography; Local food tasting; Exploring,Hurghada Grand Hotel; Hurghada Boutique Stay
Dahab Ancient Ruins 187,Dahab,Historical,"A romantic setting with breathtaking views, ideal for couples.",25.68019221643883,32.59873495672551,Photography; Local food tasting; Exploring,Dahab Grand Hotel; Dahab Boutique Stay
Aswan Ancient Ruins 188,Aswan,Historical,An ancient corner of the city that whispers stories of the past.,25.775619167738217,32.6662441099104,Photography; Local food tasting; Exploring,Aswan Grand Hotel; Aswan Boutique Stay
Dahab Adventure Spot #189,Dahab,Adventure,"A romantic setting with breathtaking views, ideal for couples.",25.68674080467717,32.63509762691996,Photography; Local food tasting; Exploring,Dahab Grand Hotel; Dahab Boutique Stay
Hurghada Old Town Cafe 190,Hurghada,Cafe,"A lively place full of energy, music, and modern vibes.",25.671365319440717,32.59161635426808,Photography; Local food tasting; Exploring,Hurghada Grand Hotel; Hurghada Boutique Stay
Cairo Secret Beach 191,Cairo,Nature,A rugged landscape that challenges the spirit and rewards the brave.,30.014231799352867,31.211382128055707,Photography; Local food tasting; Exploring,Cairo Grand Hotel; Cairo Boutique Stay
Marsa Alam Art Spot #192,Marsa Alam,Art,A rugged landscape that challenges the spirit and rewards the brave.,25.695834463980038,32.636575965201644,Photography; Local food tasting; Exploring,Marsa Alam Grand Hotel; Marsa Alam Boutique Stay
Cairo Secret Beach 193,Cairo,Nature,An ancient corner of the city that whispers stories of the past.,30.06193016161736,31.19094211295111,Photography; Local food tasting; Exploring,Cairo Grand Hotel; Cairo Boutique Stay
Luxor Secret Beach 194,Luxor,Nature,"A romantic setting with breathtaking views, ideal for couples.",25.799959446053627,32.570144116007974,Photography; Local food tasting; Exploring,Luxor Grand Hotel; Luxor Boutique Stay
Hurghada Ancient Ruins 195,Hurghada,Historical,A hidden spot perfect for quiet contemplation and escaping the crowd.,25.648125488783624,32.5121120625031,Photography; Local food tasting; Exploring,Hurghada Grand Hotel; Hurghada Boutique Stay
Sharm El Sheikh Ancient Ruins 196,Sharm El Sheikh,Historical,A hidden spot perfect for quiet contemplation and escaping the crowd.,25.715741840678987,32.63833950212404,Photography; Local food tasting; Exploring,Sharm El Sheikh Grand Hotel; Sharm El Sheikh Boutique Stay
Alexandria Art Spot #197,Alexandria,Art,"A romantic setting with breathtaking views, ideal for couples.",31.115270910497067,29.901346394977526,Photography; Local food tasting; Exploring,Alexandria Grand Hotel; Alexandria Boutique Stay
Marsa Alam Old Town Cafe 198,Marsa Alam,Cafe,A rugged landscape that challenges the spirit and rewards the brave.,25.654619150141777,32.567395369224776,Photography; Local food tasting; Exploring,Marsa Alam Grand Hotel; Marsa Alam Boutique Stay
Luxor Art Spot #199,Luxor,Art,A rugged landscape that challenges the spirit and rewards the brave.,25.655534331957213,32.508091780515194,Photography; Local food tasting; Exploring,Luxor Grand Hotel; Luxor Boutique Stay
